{"stats":{"minecraft:picked_up":{"minecraft:lead":4,"micro_machinery:flying_wheel_2":11,"micro_machinery:flying_wheel_3":15,"micro_machinery:flying_wheel_1":13,"minecraft:glass":2,"minecraft:oak_sign":6,"minecraft:mutton":1,"minecraft:white_wool":1},"minecraft:dropped":{"micro_machinery:flying_wheel_1":13,"minecraft:glass":2,"micro_machinery:flying_wheel_3":15,"micro_machinery:flying_wheel_2":11},"minecraft:used":{"minecraft:glass":16,"micro_machinery:slag_concrete":5,"minecraft:piston":12,"minecraft:iron_bars":29,"micro_machinery:module_heat_sink":36,"micro_machinery:tank_block":115,"micro_machinery:blockhss":18,"micro_machinery:blocktitanium":14,"minecraft:oak_sign":22,"micro_machinery:module_pressure_bearing":24,"micro_machinery:fire_brick_block":46,"micro_machinery:pcm":12,"minecraft:cauldron":1,"micro_machinery:cutter":2,"minecraft:item_frame":4,"micro_machinery:graphite_crucible":16,"minecraft:dirt":10,"micro_machinery:blockss":66,"minecraft:hopper":2,"micro_machinery:coiltungsten":27,"micro_machinery:module_transmission_1":39,"micro_machinery:coilcopper":18,"micro_machinery:coilaluminum":4,"micro_machinery:steel_scaffolding":182,"minecraft:smooth_stone_slab":6,"micro_machinery:module_transmission_5":6,"micro_machinery:stalinite":7,"micro_machinery:module_generator":26,"micro_machinery:casing_1":169,"micro_machinery:blocksteel":119,"micro_machinery:bellow":3,"micro_machinery:superhammer":6,"micro_machinery:casing_4":27},"minecraft:killed":{"minecraft:sheep":1,"minecraft:wandering_trader":2},"minecraft:custom":{"minecraft:time_since_rest":273947,"minecraft:sprint_one_cm":10462,"minecraft:walk_one_cm":510054,"minecraft:mob_kills":3,"minecraft:drop":41,"minecraft:inspect_hopper":2,"minecraft:damage_dealt":585,"minecraft:talked_to_villager":1,"minecraft:fly_one_cm":252494,"minecraft:play_one_minute":273947,"minecraft:crouch_one_cm":2422,"minecraft:sneak_time":1436,"minecraft:jump":540,"minecraft:leave_game":7,"minecraft:time_since_death":273947,"minecraft:horse_one_cm":13028}},"DataVersion":2230}